HTTrack3.49-5 launched on Mon, 11 Aug 2025 13:21:01 at https://nathanfx/
(httrack https://nathanfx/ )

Information, Warnings and Errors reported for this mirror:
note:	the hts-log.txt file, and hts-cache folder, may contain sensitive information,
	such as username/password authentication for websites mirrored in this project
	do not share these files/folders if you want these information to remain private

13:25:42	Warning: 	Moved Permanently for https://nathanfx/wp-content/uploads/2024/06/h1_bg-right.png 780w, https://nathanfx/wp-content/uploads/2024/06/h1_bg-right-450x323.png 450w, https://nathanfx/wp-content/uploads/2024/06/h1_bg-right-300x215.png 300w, https://nathanfx/wp-content/uploads/2024/06/h1_bg-right-768x550.png 768w, https://nathanfx/wp-content/uploads/2024/06/h1_bg-right-600x430.png 600w
13:25:42	Warning: 	File has moved from https://nathanfx/wp-content/uploads/2024/06/h1_bg-right.png 780w, https://nathanfx/wp-content/uploads/2024/06/h1_bg-right-450x323.png 450w, https://nathanfx/wp-content/uploads/2024/06/h1_bg-right-300x215.png 300w, https://nathanfx/wp-content/uploads/2024/06/h1_bg-right-768x550.png 768w, https://nathanfx/wp-content/uploads/2024/06/h1_bg-right-600x430.png 600w to https://nathanfx/wp-content/uploads/2024/06/h1_bg-right.png%20780w,%20https:/nathanfx/wp-content/uploads/2024/06/h1_bg-right-450x323.png%20450w,%20https:/nathanfx/wp-content/uploads/2024/06/h1_bg-right-300x215.png%20300w,%20https:/nathanfx/wp-content/uploads/2024/06/h1_bg-right-768x550.png%20768w,%20https:/nathanfx/wp-content/uploads/2024/06/h1_bg-right-600x430.png%20600w
13:25:42	Warning: 	Moved Permanently for https://nathanfx/wp-content/uploads/2024/06/h1_bg-left.png 807w, https://nathanfx/wp-content/uploads/2024/06/h1_bg-left-450x361.png 450w, https://nathanfx/wp-content/uploads/2024/06/h1_bg-left-800x642.png 800w, https://nathanfx/wp-content/uploads/2024/06/h1_bg-left-300x241.png 300w, https://nathanfx/wp-content/uploads/2024/06/h1_bg-left-768x617.png 768w
13:25:42	Warning: 	File has moved from https://nathanfx/wp-content/uploads/2024/06/h1_bg-left.png 807w, https://nathanfx/wp-content/uploads/2024/06/h1_bg-left-450x361.png 450w, https://nathanfx/wp-content/uploads/2024/06/h1_bg-left-800x642.png 800w, https://nathanfx/wp-content/uploads/2024/06/h1_bg-left-300x241.png 300w, https://nathanfx/wp-content/uploads/2024/06/h1_bg-left-768x617.png 768w to https://nathanfx/wp-content/uploads/2024/06/h1_bg-left.png%20807w,%20https:/nathanfx/wp-content/uploads/2024/06/h1_bg-left-450x361.png%20450w,%20https:/nathanfx/wp-content/uploads/2024/06/h1_bg-left-800x642.png%20800w,%20https:/nathanfx/wp-content/uploads/2024/06/h1_bg-left-300x241.png%20300w,%20https:/nathanfx/wp-content/uploads/2024/06/h1_bg-left-768x617.png%20768w
13:25:42	Warning: 	Moved Permanently for https://nathanfx/wp-content/uploads/2025/04/Team-Mike-Final-Version-768x768.jpg 768w, https://nathanfx/wp-content/uploads/2025/04/Team-Mike-Final-Version-300x300.jpg 300w, https://nathanfx/wp-content/uploads/2025/04/Team-Mike-Final-Version-1024x1024.jpg 1024w, https://nathanfx/wp-content/uploads/2025/04/Team-Mike-Final-Version-150x150.jpg 150w, https://nathanfx/wp-content/uploads/2025/04/Team-Mike-Final-Version-450x450.jpg 450w, https://nathanfx/wp-content/uploads/2025/04/Team-Mike-Final-Version-800x800.jpg 800w, https://nathanfx/wp-content/uploads/2025/04/Team-Mike-Final-Version-100x100.jpg 100w, https://nathanfx/wp-content/uploads/2025/04/Team-Mike-Final-Version.jpg 1080w
13:25:42	Warning: 	File has moved from https://nathanfx/wp-content/uploads/2025/04/Team-Mike-Final-Version-768x768.jpg 768w, https://nathanfx/wp-content/uploads/2025/04/Team-Mike-Final-Version-300x300.jpg 300w, https://nathanfx/wp-content/uploads/2025/04/Team-Mike-Final-Version-1024x1024.jpg 1024w, https://nathanfx/wp-content/uploads/2025/04/Team-Mike-Final-Version-150x150.jpg 150w, https://nathanfx/wp-content/uploads/2025/04/Team-Mike-Final-Version-450x450.jpg 450w, https://nathanfx/wp-content/uploads/2025/04/Team-Mike-Final-Version-800x800.jpg 800w, https://nathanfx/wp-content/uploads/2025/04/Team-Mike-Final-Version-100x100.jpg 100w, https://nathanfx/wp-content/uploads/2025/04/Team-Mike-Final-Version.jpg 1080w to https://nathanfx/wp-content/uploads/2025/04/Team-Mike-Final-Version-768x768.jpg%20768w,%20https:/nathanfx/wp-content/uploads/2025/04/Team-Mike-Final-Version-300x300.jpg%20300w,%20https:/nathanfx/wp-content/uploads/2025/04/Team-Mike-Final-Version-1024x1024.jpg%201024w,%20https:/nathanfx/wp-content/uploads/2025/04/Team-Mike-Final-Version-150x150.jpg%20150w,%20https:/nathanfx/wp-content/uploads/2025/04/Team-Mike-Final-Version-450x450.jpg%20450w,%20https:/nathanfx/wp-content/uploads/2025/04/Team-Mike-Final-Version-800x800.jpg%20800w,%20https:/nathanfx/wp-content/uploads/2025/04/Team-Mike-Final-Version-100x100.jpg%20100w,%20https:/nathanfx/wp-content/uploads/2025/04/Team-Mike-Final-Version.jpg%201080w
13:25:42	Warning: 	Moved Permanently for https://nathanfx/wp-content/uploads/2025/04/Team-Emma-Final-Version-768x768.jpg 768w, https://nathanfx/wp-content/uploads/2025/04/Team-Emma-Final-Version-300x300.jpg 300w, https://nathanfx/wp-content/uploads/2025/04/Team-Emma-Final-Version-1024x1024.jpg 1024w, https://nathanfx/wp-content/uploads/2025/04/Team-Emma-Final-Version-150x150.jpg 150w, https://nathanfx/wp-content/uploads/2025/04/Team-Emma-Final-Version-450x450.jpg 450w, https://nathanfx/wp-content/uploads/2025/04/Team-Emma-Final-Version-800x800.jpg 800w, https://nathanfx/wp-content/uploads/2025/04/Team-Emma-Final-Version-100x100.jpg 100w, https://nathanfx/wp-content/uploads/2025/04/Team-Emma-Final-Version.jpg 1080w
13:25:42	Warning: 	File has moved from https://nathanfx/wp-content/uploads/2025/04/Team-Emma-Final-Version-768x768.jpg 768w, https://nathanfx/wp-content/uploads/2025/04/Team-Emma-Final-Version-300x300.jpg 300w, https://nathanfx/wp-content/uploads/2025/04/Team-Emma-Final-Version-1024x1024.jpg 1024w, https://nathanfx/wp-content/uploads/2025/04/Team-Emma-Final-Version-150x150.jpg 150w, https://nathanfx/wp-content/uploads/2025/04/Team-Emma-Final-Version-450x450.jpg 450w, https://nathanfx/wp-content/uploads/2025/04/Team-Emma-Final-Version-800x800.jpg 800w, https://nathanfx/wp-content/uploads/2025/04/Team-Emma-Final-Version-100x100.jpg 100w, https://nathanfx/wp-content/uploads/2025/04/Team-Emma-Final-Version.jpg 1080w to https://nathanfx/wp-content/uploads/2025/04/Team-Emma-Final-Version-768x768.jpg%20768w,%20https:/nathanfx/wp-content/uploads/2025/04/Team-Emma-Final-Version-300x300.jpg%20300w,%20https:/nathanfx/wp-content/uploads/2025/04/Team-Emma-Final-Version-1024x1024.jpg%201024w,%20https:/nathanfx/wp-content/uploads/2025/04/Team-Emma-Final-Version-150x150.jpg%20150w,%20https:/nathanfx/wp-content/uploads/2025/04/Team-Emma-Final-Version-450x450.jpg%20450w,%20https:/nathanfx/wp-content/uploads/2025/04/Team-Emma-Final-Version-800x800.jpg%20800w,%20https:/nathanfx/wp-content/uploads/2025/04/Team-Emma-Final-Version-100x100.jpg%20100w,%20https:/nathanfx/wp-content/uploads/2025/04/Team-Emma-Final-Version.jpg%201080w
13:25:42	Warning: 	Moved Permanently for https://nathanfx/wp-content/uploads/2025/04/Team-David-Final-Version-768x768.jpg 768w, https://nathanfx/wp-content/uploads/2025/04/Team-David-Final-Version-300x300.jpg 300w, https://nathanfx/wp-content/uploads/2025/04/Team-David-Final-Version-1024x1024.jpg 1024w, https://nathanfx/wp-content/uploads/2025/04/Team-David-Final-Version-150x150.jpg 150w, https://nathanfx/wp-content/uploads/2025/04/Team-David-Final-Version-450x450.jpg 450w, https://nathanfx/wp-content/uploads/2025/04/Team-David-Final-Version-800x800.jpg 800w, https://nathanfx/wp-content/uploads/2025/04/Team-David-Final-Version-100x100.jpg 100w, https://nathanfx/wp-content/uploads/2025/04/Team-David-Final-Version.jpg 1080w
13:25:42	Warning: 	File has moved from https://nathanfx/wp-content/uploads/2025/04/Team-David-Final-Version-768x768.jpg 768w, https://nathanfx/wp-content/uploads/2025/04/Team-David-Final-Version-300x300.jpg 300w, https://nathanfx/wp-content/uploads/2025/04/Team-David-Final-Version-1024x1024.jpg 1024w, https://nathanfx/wp-content/uploads/2025/04/Team-David-Final-Version-150x150.jpg 150w, https://nathanfx/wp-content/uploads/2025/04/Team-David-Final-Version-450x450.jpg 450w, https://nathanfx/wp-content/uploads/2025/04/Team-David-Final-Version-800x800.jpg 800w, https://nathanfx/wp-content/uploads/2025/04/Team-David-Final-Version-100x100.jpg 100w, https://nathanfx/wp-content/uploads/2025/04/Team-David-Final-Version.jpg 1080w to https://nathanfx/wp-content/uploads/2025/04/Team-David-Final-Version-768x768.jpg%20768w,%20https:/nathanfx/wp-content/uploads/2025/04/Team-David-Final-Version-300x300.jpg%20300w,%20https:/nathanfx/wp-content/uploads/2025/04/Team-David-Final-Version-1024x1024.jpg%201024w,%20https:/nathanfx/wp-content/uploads/2025/04/Team-David-Final-Version-150x150.jpg%20150w,%20https:/nathanfx/wp-content/uploads/2025/04/Team-David-Final-Version-450x450.jpg%20450w,%20https:/nathanfx/wp-content/uploads/2025/04/Team-David-Final-Version-800x800.jpg%20800w,%20https:/nathanfx/wp-content/uploads/2025/04/Team-David-Final-Version-100x100.jpg%20100w,%20https:/nathanfx/wp-content/uploads/2025/04/Team-David-Final-Version.jpg%201080w
13:25:42	Warning: 	Moved Permanently for https://nathanfx/wp-content/uploads/2025/04/Team-Joshua-Final-Version-768x768.jpg 768w, https://nathanfx/wp-content/uploads/2025/04/Team-Joshua-Final-Version-300x300.jpg 300w, https://nathanfx/wp-content/uploads/2025/04/Team-Joshua-Final-Version-1024x1024.jpg 1024w, https://nathanfx/wp-content/uploads/2025/04/Team-Joshua-Final-Version-150x150.jpg 150w, https://nathanfx/wp-content/uploads/2025/04/Team-Joshua-Final-Version-450x450.jpg 450w, https://nathanfx/wp-content/uploads/2025/04/Team-Joshua-Final-Version-800x800.jpg 800w, https://nathanfx/wp-content/uploads/2025/04/Team-Joshua-Final-Version-100x100.jpg 100w, https://nathanfx/wp-content/uploads/2025/04/Team-Joshua-Final-Version.jpg 1080w
13:25:42	Warning: 	File has moved from https://nathanfx/wp-content/uploads/2025/04/Team-Joshua-Final-Version-768x768.jpg 768w, https://nathanfx/wp-content/uploads/2025/04/Team-Joshua-Final-Version-300x300.jpg 300w, https://nathanfx/wp-content/uploads/2025/04/Team-Joshua-Final-Version-1024x1024.jpg 1024w, https://nathanfx/wp-content/uploads/2025/04/Team-Joshua-Final-Version-150x150.jpg 150w, https://nathanfx/wp-content/uploads/2025/04/Team-Joshua-Final-Version-450x450.jpg 450w, https://nathanfx/wp-content/uploads/2025/04/Team-Joshua-Final-Version-800x800.jpg 800w, https://nathanfx/wp-content/uploads/2025/04/Team-Joshua-Final-Version-100x100.jpg 100w, https://nathanfx/wp-content/uploads/2025/04/Team-Joshua-Final-Version.jpg 1080w to https://nathanfx/wp-content/uploads/2025/04/Team-Joshua-Final-Version-768x768.jpg%20768w,%20https:/nathanfx/wp-content/uploads/2025/04/Team-Joshua-Final-Version-300x300.jpg%20300w,%20https:/nathanfx/wp-content/uploads/2025/04/Team-Joshua-Final-Version-1024x1024.jpg%201024w,%20https:/nathanfx/wp-content/uploads/2025/04/Team-Joshua-Final-Version-150x150.jpg%20150w,%20https:/nathanfx/wp-content/uploads/2025/04/Team-Joshua-Final-Version-450x450.jpg%20450w,%20https:/nathanfx/wp-content/uploads/2025/04/Team-Joshua-Final-Version-800x800.jpg%20800w,%20https:/nathanfx/wp-content/uploads/2025/04/Team-Joshua-Final-Version-100x100.jpg%20100w,%20https:/nathanfx/wp-content/uploads/2025/04/Team-Joshua-Final-Version.jpg%201080w
13:25:42	Warning: 	Moved Permanently for https://nathanfx/wp-content/uploads/2025/04/Team-Olivia-Final-Version-768x768.jpg 768w, https://nathanfx/wp-content/uploads/2025/04/Team-Olivia-Final-Version-300x300.jpg 300w, https://nathanfx/wp-content/uploads/2025/04/Team-Olivia-Final-Version-1024x1024.jpg 1024w, https://nathanfx/wp-content/uploads/2025/04/Team-Olivia-Final-Version-150x150.jpg 150w, https://nathanfx/wp-content/uploads/2025/04/Team-Olivia-Final-Version-450x450.jpg 450w, https://nathanfx/wp-content/uploads/2025/04/Team-Olivia-Final-Version-800x800.jpg 800w, https://nathanfx/wp-content/uploads/2025/04/Team-Olivia-Final-Version-100x100.jpg 100w, https://nathanfx/wp-content/uploads/2025/04/Team-Olivia-Final-Version.jpg 1080w
13:25:42	Warning: 	File has moved from https://nathanfx/wp-content/uploads/2025/04/Team-Olivia-Final-Version-768x768.jpg 768w, https://nathanfx/wp-content/uploads/2025/04/Team-Olivia-Final-Version-300x300.jpg 300w, https://nathanfx/wp-content/uploads/2025/04/Team-Olivia-Final-Version-1024x1024.jpg 1024w, https://nathanfx/wp-content/uploads/2025/04/Team-Olivia-Final-Version-150x150.jpg 150w, https://nathanfx/wp-content/uploads/2025/04/Team-Olivia-Final-Version-450x450.jpg 450w, https://nathanfx/wp-content/uploads/2025/04/Team-Olivia-Final-Version-800x800.jpg 800w, https://nathanfx/wp-content/uploads/2025/04/Team-Olivia-Final-Version-100x100.jpg 100w, https://nathanfx/wp-content/uploads/2025/04/Team-Olivia-Final-Version.jpg 1080w to https://nathanfx/wp-content/uploads/2025/04/Team-Olivia-Final-Version-768x768.jpg%20768w,%20https:/nathanfx/wp-content/uploads/2025/04/Team-Olivia-Final-Version-300x300.jpg%20300w,%20https:/nathanfx/wp-content/uploads/2025/04/Team-Olivia-Final-Version-1024x1024.jpg%201024w,%20https:/nathanfx/wp-content/uploads/2025/04/Team-Olivia-Final-Version-150x150.jpg%20150w,%20https:/nathanfx/wp-content/uploads/2025/04/Team-Olivia-Final-Version-450x450.jpg%20450w,%20https:/nathanfx/wp-content/uploads/2025/04/Team-Olivia-Final-Version-800x800.jpg%20800w,%20https:/nathanfx/wp-content/uploads/2025/04/Team-Olivia-Final-Version-100x100.jpg%20100w,%20https:/nathanfx/wp-content/uploads/2025/04/Team-Olivia-Final-Version.jpg%201080w
13:25:42	Warning: 	Moved Permanently for https://nathanfx/wp-content/uploads/2024/06/team-6.jpg 410w, https://nathanfx/wp-content/uploads/2024/06/team-6-100x100.jpg 100w, https://nathanfx/wp-content/uploads/2024/06/team-6-300x300.jpg 300w, https://nathanfx/wp-content/uploads/2024/06/team-6-150x150.jpg 150w
13:25:42	Warning: 	File has moved from https://nathanfx/wp-content/uploads/2024/06/team-6.jpg 410w, https://nathanfx/wp-content/uploads/2024/06/team-6-100x100.jpg 100w, https://nathanfx/wp-content/uploads/2024/06/team-6-300x300.jpg 300w, https://nathanfx/wp-content/uploads/2024/06/team-6-150x150.jpg 150w to https://nathanfx/wp-content/uploads/2024/06/team-6.jpg%20410w,%20https:/nathanfx/wp-content/uploads/2024/06/team-6-100x100.jpg%20100w,%20https:/nathanfx/wp-content/uploads/2024/06/team-6-300x300.jpg%20300w,%20https:/nathanfx/wp-content/uploads/2024/06/team-6-150x150.jpg%20150w
13:25:42	Warning: 	Moved Permanently for https://nathanfx/wp-content/uploads/2025/04/bottom_section-1-768x913.png 768w, https://nathanfx/wp-content/uploads/2025/04/bottom_section-1-450x535.png 450w, https://nathanfx/wp-content/uploads/2025/04/bottom_section-1-800x951.png 800w, https://nathanfx/wp-content/uploads/2025/04/bottom_section-1-252x300.png 252w, https://nathanfx/wp-content/uploads/2025/04/bottom_section-1-861x1024.png 861w, https://nathanfx/wp-content/uploads/2025/04/bottom_section-1-1292x1536.png 1292w, https://nathanfx/wp-content/uploads/2025/04/bottom_section-1-1722x2048.png 1722w
13:25:42	Warning: 	File has moved from https://nathanfx/wp-content/uploads/2025/04/bottom_section-1-768x913.png 768w, https://nathanfx/wp-content/uploads/2025/04/bottom_section-1-450x535.png 450w, https://nathanfx/wp-content/uploads/2025/04/bottom_section-1-800x951.png 800w, https://nathanfx/wp-content/uploads/2025/04/bottom_section-1-252x300.png 252w, https://nathanfx/wp-content/uploads/2025/04/bottom_section-1-861x1024.png 861w, https://nathanfx/wp-content/uploads/2025/04/bottom_section-1-1292x1536.png 1292w, https://nathanfx/wp-content/uploads/2025/04/bottom_section-1-1722x2048.png 1722w to https://nathanfx/wp-content/uploads/2025/04/bottom_section-1-768x913.png%20768w,%20https:/nathanfx/wp-content/uploads/2025/04/bottom_section-1-450x535.png%20450w,%20https:/nathanfx/wp-content/uploads/2025/04/bottom_section-1-800x951.png%20800w,%20https:/nathanfx/wp-content/uploads/2025/04/bottom_section-1-252x300.png%20252w,%20https:/nathanfx/wp-content/uploads/2025/04/bottom_section-1-861x1024.png%20861w,%20https:/nathanfx/wp-content/uploads/2025/04/bottom_section-1-1292x1536.png%201292w,%20https:/nathanfx/wp-content/uploads/2025/04/bottom_section-1-1722x2048.png%201722w
13:25:42	Error: 	"Not Found" (404) at link https://nathanfx/wp-content/uploads/2025/04/2-How-to-Create-a-Winning-Forex-Trading-Plan-1-820x560.jpg%20820w,%20https:/nathanfx/wp-content/uploads/2025/04/2-How-to-Create-a-Winning-Forex-Trading-Plan-1-1290x880.jpg%201290w (from https://nathanfx/)
13:25:58	Warning: 	Moved Permanently for https://nathanfx/author/mike/
13:25:58	Warning: 	File has moved from https://nathanfx/author/mike/ to https://nathanfx
13:25:58	Error: 	"Not Found" (404) at link https://nathanfx/wp-content/uploads/2025/04/Common-Forex-Trading-Mistakes-and-How-to-Avoid-Them-820x560.jpg%20820w,%20https:/nathanfx/wp-content/uploads/2025/04/Common-Forex-Trading-Mistakes-and-How-to-Avoid-Them-1290x880.jpg%201290w (from https://nathanfx/)
13:26:04	Error: 	"Not Found" (404) at link https://nathanfx/wp-content/uploads/2025/04/2-How-to-Create-a-Winning-Forex-Trading-Plan-820x560.jpg%20820w,%20https:/nathanfx/wp-content/uploads/2025/04/2-How-to-Create-a-Winning-Forex-Trading-Plan-1290x880.jpg%201290w (from https://nathanfx/)
13:26:10	Error: 	"Not Found" (404) at link https://nathanfx/wp-content/uploads/2025/04/Forex-Trading-Fundamentals-Understanding-Economic-Indicators-820x560.jpg%20820w,%20https:/nathanfx/wp-content/uploads/2025/04/Forex-Trading-Fundamentals-Understanding-Economic-Indicators-1290x880.jpg%201290w (from https://nathanfx/)
13:26:52	Warning: 	Link https://nathanfx/eui1dghhkdas-book/ not scanned (follow robots meta tag)
13:28:03	Warning: 	Link https://nathanfx/cdn-cgi/l/email-protection not scanned (follow robots meta tag)
13:28:03	Error: 	"Not Found" (404) at link https://nathanfx/wp-content/plugins/affs/assets/css/images/ui-icons_444444_256x240.png (from https://nathanfx/wp-content/plugins/affs/assets/css/jquery-ui.css?ver=10.8.0)
13:28:03	Error: 	"Not Found" (404) at link https://nathanfx/wp-content/plugins/affs/assets/css/images/ui-icons_555555_256x240.png (from https://nathanfx/wp-content/plugins/affs/assets/css/jquery-ui.css?ver=10.8.0)
13:28:03	Error: 	"Not Found" (404) at link https://nathanfx/wp-content/plugins/affs/assets/css/images/ui-icons_ffffff_256x240.png (from https://nathanfx/wp-content/plugins/affs/assets/css/jquery-ui.css?ver=10.8.0)
13:28:03	Error: 	"Not Found" (404) at link https://nathanfx/wp-content/plugins/affs/assets/css/images/ui-icons_777620_256x240.png (from https://nathanfx/wp-content/plugins/affs/assets/css/jquery-ui.css?ver=10.8.0)
13:28:03	Error: 	"Not Found" (404) at link https://nathanfx/wp-content/plugins/affs/assets/css/images/ui-icons_cc0000_256x240.png (from https://nathanfx/wp-content/plugins/affs/assets/css/jquery-ui.css?ver=10.8.0)
13:28:03	Error: 	"Not Found" (404) at link https://nathanfx/wp-content/plugins/affs/assets/css/images/ui-icons_777777_256x240.png (from https://nathanfx/wp-content/plugins/affs/assets/css/jquery-ui.css?ver=10.8.0)
13:28:03	Error: 	"Not Found" (404) at link https://nathanfx/wp-content/plugins/woocommerce/assets/fonts/star.eot (from https://nathanfx/wp-content/themes/finpoan/assets/css/woocommerce/woocommerce.css)
13:28:03	Error: 	"Not Found" (404) at link https://nathanfx/wp-content/plugins/woocommerce/assets/fonts/star.eot? (from https://nathanfx/wp-content/themes/finpoan/assets/css/woocommerce/woocommerce.css)
13:28:03	Warning: 	Moved Permanently for https://nathanfx/?p=260140
13:28:03	Warning: 	File has moved from https://nathanfx/?p=260140 to https://nathanfx/courses/
13:28:03	Warning: 	Moved Permanently for https://nathanfx/?p=13
13:28:03	Warning: 	File has moved from https://nathanfx/?p=13 to https://nathanfx/my-account/
13:28:03	Warning: 	Moved Permanently for https://nathanfx/?p=12
13:28:03	Warning: 	File has moved from https://nathanfx/?p=12 to https://nathanfx/checkout/
13:28:04	Error: 	"Method Not Allowed" (405) at link https://nathanfx/xmlrpc.php (from https://nathanfx/why-forex-trading-signals-can-be-a-game-changer/)
13:28:04	Warning: 	Moved Permanently for https://nathanfx/?p=9765
13:28:04	Warning: 	File has moved from https://nathanfx/?p=9765 to https://nathanfx/why-forex-trading-signals-can-be-a-game-changer/
13:28:04	Warning: 	Moved Permanently for https://nathanfx/?p=9762
13:28:04	Warning: 	File has moved from https://nathanfx/?p=9762 to https://nathanfx/common-forex-trading-mistakes-and-how-to-avoid-them/
13:28:04	Warning: 	Moved Permanently for https://nathanfx/?p=9759
13:28:04	Warning: 	File has moved from https://nathanfx/?p=9759 to https://nathanfx/how-to-create-a-winning-forex-trading-plan/
13:28:04	Warning: 	Moved Permanently for https://nathanfx/?p=1
13:28:04	Warning: 	File has moved from https://nathanfx/?p=1 to https://nathanfx/forex-trading-fundamentals/
13:28:08	Warning: 	Moved Permanently for https://nathanfx/?p=52
13:28:08	Warning: 	File has moved from https://nathanfx/?p=52 to https://nathanfx/about-us/
13:28:08	Warning: 	Moved Permanently for https://nathanfx/?p=66
13:28:08	Warning: 	File has moved from https://nathanfx/?p=66 to https://nathanfx/join-us/
13:28:08	Warning: 	Moved Permanently for https://nathanfx/?p=9475
13:28:08	Warning: 	File has moved from https://nathanfx/?p=9475 to https://nathanfx/calculator/
13:28:08	Warning: 	Moved Permanently for https://nathanfx/?p=10070
13:28:08	Warning: 	File has moved from https://nathanfx/?p=10070 to https://nathanfx/dashboard/
13:28:08	Warning: 	Moved Permanently for https://nathanfx/?p=9467
13:28:08	Warning: 	File has moved from https://nathanfx/?p=9467 to https://nathanfx/free-ebook/
13:28:08	Warning: 	Moved Permanently for https://nathanfx/?p=10141
13:28:08	Warning: 	File has moved from https://nathanfx/?p=10141 to https://nathanfx/fulfillment-policy/
13:28:08	Warning: 	Moved Permanently for https://nathanfx/?p=39
13:28:08	Warning: 	File has moved from https://nathanfx/?p=39 to https://nathanfx/home-3/
13:28:08	Warning: 	Moved Permanently for https://nathanfx/?p=10069
13:28:08	Warning: 	File has moved from https://nathanfx/?p=10069 to https://nathanfx/login/
13:28:08	Warning: 	Moved Permanently for https://nathanfx/?p=10072
13:28:08	Warning: 	File has moved from https://nathanfx/?p=10072 to https://nathanfx/lost-password/
13:28:08	Warning: 	Moved Permanently for https://nathanfx/?p=9515
13:28:08	Warning: 	File has moved from https://nathanfx/?p=9515 to https://nathanfx/partnership/
13:28:08	Warning: 	Moved Permanently for https://nathanfx/index.php/registration/
13:28:08	Warning: 	File has moved from https://nathanfx/index.php/registration/ to https://nathanfx/registration/
13:28:08	Warning: 	Moved Permanently for https://nathanfx/?p=9897
13:28:08	Warning: 	File has moved from https://nathanfx/?p=9897 to https://nathanfx/privacy-policy/
13:28:08	Warning: 	Moved Permanently for https://nathanfx/?p=9782
13:28:08	Warning: 	File has moved from https://nathanfx/?p=9782 to https://nathanfx/recommended-broker/
13:28:08	Warning: 	Moved Permanently for https://nathanfx/?p=10068
13:28:08	Warning: 	File has moved from https://nathanfx/?p=10068 to https://nathanfx/registration/
13:28:08	Warning: 	Moved Permanently for https://nathanfx/?p=10140
13:28:08	Warning: 	File has moved from https://nathanfx/?p=10140 to https://nathanfx/terms-and-conditions/
13:28:08	Warning: 	Moved Permanently for https://nathanfx/?p=10071
13:28:08	Warning: 	File has moved from https://nathanfx/?p=10071 to https://nathanfx/terms/

HTTrack Website Copier/3.49-5 mirror complete in 7 minutes 7 seconds : 461 links scanned, 414 files written (23134913 bytes overall) [13169218 bytes received at 30841 bytes/sec], 15710957 bytes transferred using HTTP compression in 323 files, ratio 24%, 29.2 requests per connection
(13 errors, 68 warnings, 0 messages)
